<pumastatectrl use_p_state_0_as_max_freq="true">
  <p_states>
   <!--  performance state 0: 
      for maximum frequency of 2,4 GHz: set VID to ca. 36 (when higher VID the device, e.g. laptop, may freeze)
      for maximum frequency of 2,3 GHz: set VID to ca. 38
      for maximum frequency of 2,2 GHz: set VID to ca. 40
      -->
   <pstate number="0" VID="38"></pstate>
   <!--  performance state 1: 
      for maximum frequency of 2,2 GHz: set VID to ca. 56 for 1100 MHz
      -->
   <pstate number="1" VID="56"></pstate>
   <!--  performance state 2: 
      -usually 1/4 of max frequency for "ZM" and "RM" series of Griffin
      -for other series than "ZM" and "RM" this Performance STATE is usually not used by the OS.
      -set VID to 64 for 1/4 of max frequency 
      -VIDs higher than 64 are usually not effective
      -->
   <pstate number="2" VID="64"></pstate>
  </p_states>
  <CPU processor_name="AMD Turion(tm) X2 Ultra Dual-Core Mobile ZM-80">
    <freq_and_max_voltage frequency_in_MHz="2100" max_voltage_in_Volt="1.075">
    </freq_and_max_voltage>
    <freq_and_max_voltage frequency_in_MHz="1050" max_voltage_in_Volt="0.95">
    </freq_and_max_voltage>
    <freq_and_max_voltage frequency_in_MHz="525" max_voltage_in_Volt="0.8">
    </freq_and_max_voltage>
  </CPU>
  <CPU processor_name="AMD Turion(tm) X2 Ultra Dual-Core Mobile ZM-82">
    <freq_and_max_voltage frequency_in_MHz="2200" max_voltage_in_Volt="1.1">
    </freq_and_max_voltage>
    <freq_and_max_voltage frequency_in_MHz="1100" max_voltage_in_Volt="0.95">
    </freq_and_max_voltage>
    <freq_and_max_voltage frequency_in_MHz="550" max_voltage_in_Volt="0.8">
    </freq_and_max_voltage>
  </CPU>
  <CPU processor_name="AMD Turion(tm) X2 Ultra Dual-Core Mobile ZM-84">
    <freq_and_max_voltage frequency_in_MHz="2300" max_voltage_in_Volt="1.100">
    </freq_and_max_voltage>
    <freq_and_max_voltage frequency_in_MHz="1150" max_voltage_in_Volt="0.95">
    </freq_and_max_voltage>
    <freq_and_max_voltage frequency_in_MHz="575" max_voltage_in_Volt="0.8">
    </freq_and_max_voltage>
  </CPU>
  <CPU processor_name="AMD Turion(tm) X2 Ultra Dual-Core Mobile ZM-86">
    <freq_and_max_voltage frequency_in_MHz="2400" max_voltage_in_Volt="1.100">
    </freq_and_max_voltage>
    <freq_and_max_voltage frequency_in_MHz="1200" max_voltage_in_Volt="0.95">
    </freq_and_max_voltage>
    <freq_and_max_voltage frequency_in_MHz="600" max_voltage_in_Volt="0.8">
    </freq_and_max_voltage>
  </CPU>
  <CPU processor_name="AMD Turion(tm) X2 Dual-Core Mobile RM-70">
    <freq_and_max_voltage frequency_in_MHz="2000" max_voltage_in_Volt="1.075">
    </freq_and_max_voltage>
    <freq_and_max_voltage frequency_in_MHz="1000" max_voltage_in_Volt="0.95">
    </freq_and_max_voltage>
    <freq_and_max_voltage frequency_in_MHz="500" max_voltage_in_Volt="0.8">
    </freq_and_max_voltage>    
  </CPU>
  <CPU processor_name="AMD Turion(tm) X2 Dual-Core Mobile RM-72">
    <freq_and_max_voltage frequency_in_MHz="2100" max_voltage_in_Volt="1.075">
    </freq_and_max_voltage>
    <freq_and_max_voltage frequency_in_MHz="1050" max_voltage_in_Volt="0.95">
    </freq_and_max_voltage>
    <freq_and_max_voltage frequency_in_MHz="525" max_voltage_in_Volt="0.8">
    </freq_and_max_voltage>    
  </CPU>
  <CPU processor_name="AMD Turion(tm) X2 Dual-Core Mobile RM-74">
    <freq_and_max_voltage frequency_in_MHz="2200" max_voltage_in_Volt="1.075">
    </freq_and_max_voltage>
    <freq_and_max_voltage frequency_in_MHz="1100" max_voltage_in_Volt="0.95">
    </freq_and_max_voltage>
    <freq_and_max_voltage frequency_in_MHz="550" max_voltage_in_Volt="0.8">
    </freq_and_max_voltage>    
  </CPU>
  <!--<CPU processor_name="AMD Athlon(tm) X2 Dual-Core Mobile QL-60">-->
  <!--<CPU processor_name="QL-60">-->
  <CPU processor_name="AMD Athlon(tm) X2 Dual-Core QL-60">
    <freq_and_max_voltage frequency_in_MHz="1900" max_voltage_in_Volt="1.075">
    </freq_and_max_voltage>
    <freq_and_max_voltage frequency_in_MHz="950" max_voltage_in_Volt="0.95">
    </freq_and_max_voltage>
  </CPU>
  <!--<CPU processor_name="AMD Athlon(tm) X2 Dual-Core Mobile QL-62">-->
  <!--<CPU processor_name="QL-62">-->
  <CPU processor_name="AMD Athlon(tm) X2 Dual-Core QL-62">
    <freq_and_max_voltage frequency_in_MHz="2000" max_voltage_in_Volt="1.075">
    </freq_and_max_voltage>
    <freq_and_max_voltage frequency_in_MHz="1000" max_voltage_in_Volt="0.95">
    </freq_and_max_voltage>
  </CPU>
  <!--<CPU processor_name="AMD Athlon(tm) X2 Dual-Core Mobile QL-64">-->
  <!--<CPU processor_name="QL-64">-->
  <CPU processor_name="AMD Athlon(tm) X2 Dual-Core QL-64">
    <freq_and_max_voltage frequency_in_MHz="2100" max_voltage_in_Volt="1.075">
    </freq_and_max_voltage>
    <freq_and_max_voltage frequency_in_MHz="1050" max_voltage_in_Volt="0.95">
    </freq_and_max_voltage>
  </CPU>
  <!--<CPU processor_name="AMD Sempron SI-40">-->
  <!--<CPU processor_name="SI-40">-->
  <CPU processor_name="AMD Sempron(tm) SI-40">
    <freq_and_max_voltage frequency_in_MHz="2000" max_voltage_in_Volt="1.075">
    </freq_and_max_voltage>
    <freq_and_max_voltage frequency_in_MHz="1000" max_voltage_in_Volt="0.95">
    </freq_and_max_voltage>
  </CPU>
  <!--<CPU processor_name="AMD Sempron SI-42">-->
  <!--<CPU processor_name="SI-42">-->
  <CPU processor_name="AMD Sempron(tm) SI-42">
    <freq_and_max_voltage frequency_in_MHz="2100" max_voltage_in_Volt="1.075">
    </freq_and_max_voltage>
    <freq_and_max_voltage frequency_in_MHz="1050" max_voltage_in_Volt="0.95">
    </freq_and_max_voltage>
  </CPU>
</pumastatectrl>